{
  "dataset_stats": {
    "total_cases": 49633,
    "embedding_dim": 64,
    "mean_radius": 0.14864684641361237,
    "std_radius": 0.05698220059275627,
    "min_radius": 0.05316322296857834,
    "max_radius": 0.7241788506507874
  },
  "hierarchy_stats": {
    "Supreme Court": {
      "count": 2708,
      "mean_radius": 0.14779983460903168,
      "std_radius": 0.056243281811475754,
      "min_radius": 0.06273923814296722,
      "max_radius": 0.5991573333740234
    },
    "High Court": {
      "count": 34579,
      "mean_radius": 0.14870353043079376,
      "std_radius": 0.05719926953315735,
      "min_radius": 0.05316322296857834,
      "max_radius": 0.6992043256759644
    },
    "Other": {
      "count": 11644,
      "mean_radius": 0.1488109976053238,
      "std_radius": 0.056649163365364075,
      "min_radius": 0.053775325417518616,
      "max_radius": 0.7241788506507874
    },
    "Lower Court": {
      "count": 702,
      "mean_radius": 0.14639884233474731,
      "std_radius": 0.05448034778237343,
      "min_radius": 0.06400090456008911,
      "max_radius": 0.5549874901771545
    }
  },
  "retrieval_performance": {
    "hyperbolic": {
      "precision@5": 0.564,
      "precision@5_std": 0.3116151472569972,
      "precision@10": 0.537,
      "precision@10_std": 0.27916124372842305,
      "recall@5": 0.0008115431850274976,
      "recall@5_std": 0.0019288266764034535,
      "recall@10": 0.0014130490679938514,
      "recall@10_std": 0.002397656056269908,
      "map": 0.318966907226184,
      "map_std": 0.19709787128849302,
      "ndcg@5": 0.5553425638011614,
      "ndcg@5_std": 0.32363703413286593,
      "ndcg@10": 0.5398505994239876,
      "ndcg@10_std": 0.28914979181396355,
      "query_times": 0.7332528710365296,
      "query_times_std": 0.05454745678927547,
      "relevance_set_sizes": 7347.91,
      "relevance_set_sizes_std": 5287.1071732942955
    },
    "euclidean": {
      "precision@5": 0.564,
      "precision@5_std": 0.3116151472569972,
      "precision@10": 0.539,
      "precision@10_std": 0.27960507863771006,
      "recall@5": 0.0008115431850274976,
      "recall@5_std": 0.0019288266764034535,
      "recall@10": 0.0014195777891016278,
      "recall@10_std": 0.0024012494105940447,
      "map": 0.3206478342269819,
      "map_std": 0.19648114953930565,
      "ndcg@5": 0.5568032472995885,
      "ndcg@5_std": 0.32365705655434435,
      "ndcg@10": 0.54193088489245,
      "ndcg@10_std": 0.2903026410969383,
      "query_times": 0.3255884909629822,
      "query_times_std": 0.04614983967089076,
      "relevance_set_sizes": 7347.91,
      "relevance_set_sizes_std": 5287.1071732942955
    },
    "cosine": {
      "precision@5": 0.20800000000000002,
      "precision@5_std": 0.20769207977195472,
      "precision@10": 0.19899999999999998,
      "precision@10_std": 0.17634908562280668,
      "recall@5": 0.00018590337409017627,
      "recall@5_std": 0.0004131089719357176,
      "recall@10": 0.00036554155593146627,
      "recall@10_std": 0.0005155567030713147,
      "map": 0.14947089616153877,
      "map_std": 0.10864747516413024,
      "ndcg@5": 0.20903152219419685,
      "ndcg@5_std": 0.21426888281427536,
      "ndcg@10": 0.20296976929587374,
      "ndcg@10_std": 0.17923212545738743,
      "query_times": 0.512154266834259,
      "query_times_std": 0.04161763131205938,
      "relevance_set_sizes": 7347.91,
      "relevance_set_sizes_std": 5287.1071732942955
    }
  }
}